File,LowSeverityCount
.\cms\djangoapps\api\v1\tests\test_serializers\test_course_runs.py,2
.\cms\djangoapps\api\v1\tests\test_views\test_course_runs.py,46
.\cms\djangoapps\api\v1\views\course_runs.py,1
.\cms\djangoapps\cms_user_tasks\tests.py,14
.\cms\djangoapps\contentstore\api\tests\base.py,1
.\cms\djangoapps\contentstore\api\tests\test_import.py,1
.\cms\djangoapps\contentstore\api\tests\test_validation.py,13
.\cms\djangoapps\contentstore\core\tests\test_course_optimizer_provider.py,3
.\cms\djangoapps\contentstore\git_export_utils.py,2
.\cms\djangoapps\contentstore\management\commands\tests\test_backfill_course_outlines.py,5
.\cms\djangoapps\contentstore\management\commands\tests\test_backfill_course_tabs.py,29
.\cms\djangoapps\contentstore\management\commands\tests\test_backfill_orgs_and_org_courses.py,33
.\cms\djangoapps\contentstore\management\commands\tests\test_clean_stale_certificate_availability_dates.py,14
.\cms\djangoapps\contentstore\management\commands\tests\test_delete_course.py,6
.\cms\djangoapps\contentstore\management\commands\tests\test_git_export.py,7
.\cms\djangoapps\contentstore\rest_api\v0\tests\test_advanced_settings.py,7
.\cms\djangoapps\contentstore\rest_api\v0\tests\test_assets.py,22
.\cms\djangoapps\contentstore\rest_api\v0\tests\test_tabs.py,14
.\cms\djangoapps\contentstore\rest_api\v0\tests\test_tabs_permissions.py,11
.\cms\djangoapps\contentstore\rest_api\v0\tests\test_xblock.py,24
.\cms\djangoapps\contentstore\rest_api\v1\mixins.py,1
.\cms\djangoapps\contentstore\rest_api\v1\views\tests\test_course_details.py,1
.\cms\djangoapps\contentstore\rest_api\v1\views\tests\test_course_index.py,9
.\cms\djangoapps\contentstore\rest_api\v1\views\tests\test_course_waffle_flags.py,2
.\cms\djangoapps\contentstore\rest_api\v1\views\tests\test_proctoring.py,31
.\cms\djangoapps\contentstore\rest_api\v1\views\tests\test_textbooks.py,5
.\cms\djangoapps\contentstore\rest_api\v2\views\downstreams.py,1
.\cms\djangoapps\contentstore\rest_api\v2\views\tests\test_downstream_sync_integration.py,19
.\cms\djangoapps\contentstore\rest_api\v2\views\tests\test_downstreams.py,122
.\cms\djangoapps\contentstore\tasks.py,1
.\cms\djangoapps\contentstore\tests\test_admin.py,1
.\cms\djangoapps\contentstore\tests\test_contentstore.py,6
.\cms\djangoapps\contentstore\tests\test_course_create_rerun.py,4
.\cms\djangoapps\contentstore\tests\test_course_listing.py,3
.\cms\djangoapps\contentstore\tests\test_course_settings.py,7
.\cms\djangoapps\contentstore\tests\test_courseware_index.py,1
.\cms\djangoapps\contentstore\tests\test_exams.py,2
.\cms\djangoapps\contentstore\tests\test_export_git.py,3
.\cms\djangoapps\contentstore\tests\test_libraries.py,7
.\cms\djangoapps\contentstore\tests\test_outlines.py,64
.\cms\djangoapps\contentstore\tests\test_permissions.py,1
.\cms\djangoapps\contentstore\tests\test_proctoring.py,2
.\cms\djangoapps\contentstore\tests\test_tasks.py,21
.\cms\djangoapps\contentstore\tests\test_transcripts_utils.py,4
.\cms\djangoapps\contentstore\tests\test_upstream_downstream_links.py,25
.\cms\djangoapps\contentstore\tests\test_utils.py,15
.\cms\djangoapps\contentstore\tests\test_video_utils.py,3
.\cms\djangoapps\contentstore\tests\tests.py,6
.\cms\djangoapps\contentstore\utils.py,2
.\cms\djangoapps\contentstore\views\course.py,2
.\cms\djangoapps\contentstore\views\library.py,2
.\cms\djangoapps\contentstore\views\tests\test_access.py,2
.\cms\djangoapps\contentstore\views\tests\test_block.py,65
.\cms\djangoapps\contentstore\views\tests\test_clipboard_paste.py,65
.\cms\djangoapps\contentstore\views\tests\test_course_index.py,8
.\cms\djangoapps\contentstore\views\tests\test_entrance_exam.py,1
.\cms\djangoapps\contentstore\views\tests\test_exam_settings_view.py,9
.\cms\djangoapps\contentstore\views\tests\test_group_configurations.py,1
.\cms\djangoapps\contentstore\views\tests\test_import_export.py,3
.\cms\djangoapps\contentstore\views\tests\test_library.py,4
.\cms\djangoapps\contentstore\views\tests\test_organizations.py,5
.\cms\djangoapps\contentstore\views\tests\test_preview.py,12
.\cms\djangoapps\contentstore\views\tests\test_tabs.py,20
.\cms\djangoapps\contentstore\views\tests\test_textbooks_permissions.py,15
.\cms\djangoapps\contentstore\views\tests\test_transcript_settings.py,4
.\cms\djangoapps\contentstore\views\tests\test_transcripts.py,1
.\cms\djangoapps\contentstore\views\tests\test_user.py,2
.\cms\djangoapps\contentstore\views\tests\test_videos.py,12
.\cms\djangoapps\contentstore\xblock_storage_handlers\view_handlers.py,2
.\cms\djangoapps\course_creators\models.py,1
.\cms\djangoapps\course_creators\tests\test_admin.py,2
.\cms\djangoapps\course_creators\tests\test_views.py,3
.\cms\djangoapps\export_course_metadata\management\commands\tests\test_export_course_metadata_for_all_courses.py,1
.\cms\djangoapps\modulestore_migrator\api\read_api.py,1
.\cms\djangoapps\modulestore_migrator\api\write_api.py,1
.\cms\djangoapps\modulestore_migrator\tests\test_api.py,83
.\cms\djangoapps\modulestore_migrator\tests\test_rest_api.py,102
.\cms\djangoapps\modulestore_migrator\tests\test_tasks.py,33
.\cms\envs\common.py,2
.\cms\envs\devstack.py,4
.\cms\envs\production.py,1
.\cms\lib\xblock\test\test_upstream_sync.py,141
.\common\djangoapps\course_action_state\tests\test_managers.py,2
.\common\djangoapps\course_action_state\tests\test_rerun_manager.py,1
.\common\djangoapps\course_modes\rest_api\v1\tests\test_views.py,34
.\common\djangoapps\course_modes\tests\factories.py,1
.\common\djangoapps\course_modes\tests\test_admin.py,6
.\common\djangoapps\course_modes\tests\test_models.py,61
.\common\djangoapps\course_modes\tests\test_signals.py,8
.\common\djangoapps\course_modes\tests\test_views.py,25
.\common\djangoapps\edxmako\tests.py,29
.\common\djangoapps\entitlements\management\commands\tests\test_expire_old_entitlements.py,8
.\common\djangoapps\entitlements\rest_api\v1\tests\test_serializers.py,1
.\common\djangoapps\entitlements\rest_api\v1\tests\test_views.py,132
.\common\djangoapps\entitlements\tests\test_models.py,42
.\common\djangoapps\entitlements\tests\test_tasks.py,9
.\common\djangoapps\entitlements\tests\test_utils.py,9
.\common\djangoapps\pipeline_mako\tests\test_render.py,4
.\common\djangoapps\pipeline_mako\tests\test_static_content.py,2
.\common\djangoapps\static_replace\test\test_static_replace.py,41
.\common\djangoapps\status\tests.py,6
.\common\djangoapps\student\auth.py,1
.\common\djangoapps\student\management\commands\assigngroups.py,1
.\common\djangoapps\student\management\commands\create_random_users.py,1
.\common\djangoapps\student\management\commands\recover_account.py,1
.\common\djangoapps\student\management\tests\test_bulk_change_enrollment.py,11
.\common\djangoapps\student\management\tests\test_bulk_change_enrollment_csv.py,4
.\common\djangoapps\student\management\tests\test_bulk_unenroll.py,3
.\common\djangoapps\student\management\tests\test_change_eligibility_deadline.py,2
.\common\djangoapps\student\management\tests\test_change_enrollment.py,4
.\common\djangoapps\student\management\tests\test_create_random_users.py,5
.\common\djangoapps\student\management\tests\test_create_test_users.py,26
.\common\djangoapps\student\management\tests\test_populate_created_on_site_user_attribute.py,8
.\common\djangoapps\student\management\tests\test_recover_account.py,9
.\common\djangoapps\student\management\tests\test_transfer_students.py,7
.\common\djangoapps\student\models\course_enrollment.py,7
.\common\djangoapps\student\models\user.py,1
.\common\djangoapps\student\tests\factories.py,2
.\common\djangoapps\student\tests\test_activate_account.py,18
.\common\djangoapps\student\tests\test_admin_views.py,44
.\common\djangoapps\student\tests\test_api.py,9
.\common\djangoapps\student\tests\test_authz.py,44
.\common\djangoapps\student\tests\test_bulk_email_settings.py,2
.\common\djangoapps\student\tests\test_certificates.py,2
.\common\djangoapps\student\tests\test_configuration_overrides.py,11
.\common\djangoapps\student\tests\test_course_listing.py,11
.\common\djangoapps\student\tests\test_credit.py,3
.\common\djangoapps\student\tests\test_email.py,51
.\common\djangoapps\student\tests\test_enrollment.py,59
.\common\djangoapps\student\tests\test_events.py,9
.\common\djangoapps\student\tests\test_filters.py,2
.\common\djangoapps\student\tests\test_helpers.py,3
.\common\djangoapps\student\tests\test_long_username_email.py,7
.\common\djangoapps\student\tests\test_models.py,71
.\common\djangoapps\student\tests\test_parental_controls.py,15
.\common\djangoapps\student\tests\test_password_policy.py,60
.\common\djangoapps\student\tests\test_receivers.py,9
.\common\djangoapps\student\tests\test_recent_enrollments.py,13
.\common\djangoapps\student\tests\test_refunds.py,20
.\common\djangoapps\student\tests\test_retirement.py,25
.\common\djangoapps\student\tests\test_roles.py,52
.\common\djangoapps\student\tests\test_tasks.py,1
.\common\djangoapps\student\tests\test_user_profile_properties.py,11
.\common\djangoapps\student\tests\test_userstanding.py,9
.\common\djangoapps\student\tests\test_views.py,30
.\common\djangoapps\student\tests\tests.py,98
.\common\djangoapps\student\views\dashboard.py,1
.\common\djangoapps\student\views\management.py,1
.\common\djangoapps\third_party_auth\api\tests\test_permissions.py,4
.\common\djangoapps\third_party_auth\api\tests\test_views.py,23
.\common\djangoapps\third_party_auth\appleid.py,4
.\common\djangoapps\third_party_auth\identityserver3.py,1
.\common\djangoapps\third_party_auth\management\commands\generate_and_store_apple_transfer_ids.py,1
.\common\djangoapps\third_party_auth\management\commands\generate_and_store_new_apple_ids.py,1
.\common\djangoapps\third_party_auth\management\commands\tests\test_remove_social_auth_users.py,4
.\common\djangoapps\third_party_auth\management\commands\tests\test_saml.py,10
.\common\djangoapps\third_party_auth\models.py,6
.\common\djangoapps\third_party_auth\pipeline.py,6
.\common\djangoapps\third_party_auth\saml_configuration\tests\test_saml_configuration.py,9
.\common\djangoapps\third_party_auth\signals\tests\test_handlers.py,2
.\common\djangoapps\third_party_auth\tests\specs\base.py,86
.\common\djangoapps\third_party_auth\tests\specs\test_azuread.py,5
.\common\djangoapps\third_party_auth\tests\specs\test_generic.py,1
.\common\djangoapps\third_party_auth\tests\specs\test_google.py,16
.\common\djangoapps\third_party_auth\tests\specs\test_linkedin.py,2
.\common\djangoapps\third_party_auth\tests\specs\test_lti.py,19
.\common\djangoapps\third_party_auth\tests\specs\test_testshib.py,58
.\common\djangoapps\third_party_auth\tests\specs\test_twitter.py,3
.\common\djangoapps\third_party_auth\tests\test_admin.py,8
.\common\djangoapps\third_party_auth\tests\test_decorators.py,2
.\common\djangoapps\third_party_auth\tests\test_identityserver3.py,8
.\common\djangoapps\third_party_auth\tests\test_lti.py,15
.\common\djangoapps\third_party_auth\tests\test_middleware.py,2
.\common\djangoapps\third_party_auth\tests\test_models.py,6
.\common\djangoapps\third_party_auth\tests\test_pipeline.py,4
.\common\djangoapps\third_party_auth\tests\test_pipeline_integration.py,81
.\common\djangoapps\third_party_auth\tests\test_provider.py,49
.\common\djangoapps\third_party_auth\tests\test_saml.py,3
.\common\djangoapps\third_party_auth\tests\test_settings.py,16
.\common\djangoapps\third_party_auth\tests\test_utils.py,23
.\common\djangoapps\third_party_auth\tests\test_views.py,20
.\common\djangoapps\third_party_auth\tests\testutil.py,1
.\common\djangoapps\third_party_auth\tests\utils.py,2
.\common\djangoapps\track\backends\tests\test_logger.py,2
.\common\djangoapps\track\backends\tests\test_mongodb.py,3
.\common\djangoapps\track\contexts.py,1
.\common\djangoapps\track\management\tests\test_tracked_command.py,1
.\common\djangoapps\track\middleware.py,2
.\common\djangoapps\track\tests\__init__.py,2
.\common\djangoapps\track\tests\test_contexts.py,3
.\common\djangoapps\track\tests\test_middleware.py,16
.\common\djangoapps\track\tests\test_segment.py,17
.\common\djangoapps\track\tests\test_shim.py,10
.\common\djangoapps\track\tests\test_tracker.py,8
.\common\djangoapps\track\tests\test_util.py,6
.\common\djangoapps\track\views\tests\base.py,1
.\common\djangoapps\track\views\tests\test_segmentio.py,9
.\common\djangoapps\util\date_utils.py,1
.\common\djangoapps\util\db.py,2
.\common\djangoapps\util\testing.py,3
.\common\djangoapps\util\tests\test_codejail_includes.py,5
.\common\djangoapps\util\tests\test_course.py,4
.\common\djangoapps\util\tests\test_date_utils.py,31
.\common\djangoapps\util\tests\test_db.py,3
.\common\djangoapps\util\tests\test_django_utils.py,1
.\common\djangoapps\util\tests\test_file.py,23
.\common\djangoapps\util\tests\test_json_request.py,43
.\common\djangoapps\util\tests\test_keyword_sub_utils.py,11
.\common\djangoapps\util\tests\test_memcache.py,10
.\common\djangoapps\util\tests\test_milestones_helpers.py,14
.\common\djangoapps\util\tests\test_password_policy_validators.py,6
.\common\djangoapps\util\tests\test_resolve_storage_backend.py,7
.\common\djangoapps\util\tests\test_sandboxing.py,12
.\common\djangoapps\util\tests\test_string_utils.py,10
.\common\djangoapps\xblock_django\tests\test_api.py,9
.\common\djangoapps\xblock_django\tests\test_commands.py,7
.\common\djangoapps\xblock_django\tests\test_translation.py,4
.\common\djangoapps\xblock_django\tests\test_user_service.py,24
.\common\test\utils.py,4
.\docs\conf.py,2
.\lms\djangoapps\academic_programs\tests.py,2
.\lms\djangoapps\academic_programs\views.py,1
.\lms\djangoapps\branding\test_toggles.py,1
.\lms\djangoapps\branding\tests\test_api.py,8
.\lms\djangoapps\branding\tests\test_models.py,3
.\lms\djangoapps\branding\tests\test_page.py,34
.\lms\djangoapps\branding\tests\test_views.py,46
.\lms\djangoapps\bulk_email\tasks.py,1
.\lms\djangoapps\bulk_email\tests\test_api.py,21
.\lms\djangoapps\bulk_email\tests\test_course_optout.py,17
.\lms\djangoapps\bulk_email\tests\test_email.py,54
.\lms\djangoapps\bulk_email\tests\test_err_handling.py,19
.\lms\djangoapps\bulk_email\tests\test_forms.py,30
.\lms\djangoapps\bulk_email\tests\test_models.py,57
.\lms\djangoapps\bulk_email\tests\test_signals.py,11
.\lms\djangoapps\bulk_email\tests\test_tasks.py,37
.\lms\djangoapps\bulk_email\tests\test_views.py,6
.\lms\djangoapps\bulk_enroll\tests\test_views.py,46
.\lms\djangoapps\bulk_user_retirement\tests\test_views.py,20
.\lms\djangoapps\ccx\api\v0\tests\test_views.py,135
.\lms\djangoapps\ccx\tests\test_ccx_modulestore.py,11
.\lms\djangoapps\ccx\tests\test_field_override_performance.py,1
.\lms\djangoapps\ccx\tests\test_models.py,15
.\lms\djangoapps\ccx\tests\test_overrides.py,4
.\lms\djangoapps\ccx\tests\test_tasks.py,5
.\lms\djangoapps\ccx\tests\test_utils.py,73
.\lms\djangoapps\ccx\tests\test_views.py,142
.\lms\djangoapps\certificates\apis\v0\tests\test_views.py,41
.\lms\djangoapps\certificates\management\commands\tests\test_purge_pii_from_generatedcertificates.py,9
.\lms\djangoapps\certificates\management\commands\tests\test_purge_references_to_pdf_certificates.py,1
.\lms\djangoapps\certificates\tests\test_api.py,135
.\lms\djangoapps\certificates\tests\test_data.py,4
.\lms\djangoapps\certificates\tests\test_filters.py,2
.\lms\djangoapps\certificates\tests\test_generation.py,34
.\lms\djangoapps\certificates\tests\test_generation_handler.py,72
.\lms\djangoapps\certificates\tests\test_models.py,52
.\lms\djangoapps\certificates\tests\test_services.py,3
.\lms\djangoapps\certificates\tests\test_signals.py,6
.\lms\djangoapps\certificates\tests\test_support_views.py,57
.\lms\djangoapps\certificates\tests\test_tasks.py,6
.\lms\djangoapps\certificates\tests\test_utils.py,4
.\lms\djangoapps\certificates\tests\test_views.py,2
.\lms\djangoapps\certificates\tests\test_webview_views.py,55
.\lms\djangoapps\certificates\tests\tests.py,10
.\lms\djangoapps\commerce\api\v0\tests\test_views.py,22
.\lms\djangoapps\commerce\api\v1\tests\test_models.py,2
.\lms\djangoapps\commerce\api\v1\tests\test_views.py,39
.\lms\djangoapps\commerce\management\commands\tests\test_configure_commerce.py,7
.\lms\djangoapps\commerce\management\commands\tests\test_create_orders_for_old_enterprise_course_enrollmnet.py,6
.\lms\djangoapps\commerce\tests\__init__.py,4
.\lms\djangoapps\commerce\tests\mocks.py,1
.\lms\djangoapps\commerce\tests\test_signals.py,24
.\lms\djangoapps\commerce\tests\test_utils.py,25
.\lms\djangoapps\commerce\tests\test_views.py,1
.\lms\djangoapps\course_api\blocks\tests\pacts\verify_pact.py,1
.\lms\djangoapps\course_api\blocks\tests\test_api.py,16
.\lms\djangoapps\course_api\blocks\tests\test_serializers.py,18
.\lms\djangoapps\course_api\blocks\tests\test_views.py,28
.\lms\djangoapps\course_api\blocks\transformers\tests\test_block_completion.py,3
.\lms\djangoapps\course_api\blocks\transformers\tests\test_block_counts.py,5
.\lms\djangoapps\course_api\blocks\transformers\tests\test_extra_fields.py,1
.\lms\djangoapps\course_api\blocks\transformers\tests\test_milestones.py,3
.\lms\djangoapps\course_api\blocks\transformers\tests\test_navigation.py,4
.\lms\djangoapps\course_api\blocks\transformers\tests\test_student_view.py,4
.\lms\djangoapps\course_api\blocks\transformers\tests\test_video_stream_priority.py,4
.\lms\djangoapps\course_api\blocks\transformers\tests\test_video_urls.py,2
.\lms\djangoapps\course_api\tests\mixins.py,1
.\lms\djangoapps\course_api\tests\test_api.py,15
.\lms\djangoapps\course_api\tests\test_permissions.py,6
.\lms\djangoapps\course_api\tests\test_serializers.py,11
.\lms\djangoapps\course_api\tests\test_views.py,40
.\lms\djangoapps\course_blocks\transformers\tests\helpers.py,3
.\lms\djangoapps\course_blocks\transformers\tests\test_library_content.py,7
.\lms\djangoapps\course_blocks\transformers\tests\test_load_override_data.py,6
.\lms\djangoapps\course_blocks\transformers\tests\test_split_test.py,3
.\lms\djangoapps\course_blocks\transformers\tests\test_user_partitions.py,2
.\lms\djangoapps\course_goals\management\commands\tests\test_goal_reminder_email.py,18
.\lms\djangoapps\course_goals\tests\test_user_activity.py,2
.\lms\djangoapps\course_home_api\course_metadata\tests\test_views.py,31
.\lms\djangoapps\course_home_api\dates\tests\test_views.py,9
.\lms\djangoapps\course_home_api\outline\tests\test_goals.py,19
.\lms\djangoapps\course_home_api\outline\tests\test_view.py,104
.\lms\djangoapps\course_home_api\progress\tests\test_api.py,12
.\lms\djangoapps\course_home_api\progress\tests\test_views.py,49
.\lms\djangoapps\course_home_api\tests\test_utils.py,3
.\lms\djangoapps\course_wiki\plugins\markdownedx\mdx_mathjax.py,1
.\lms\djangoapps\course_wiki\plugins\markdownedx\mdx_video.py,1
.\lms\djangoapps\course_wiki\tests\test_access.py,21
.\lms\djangoapps\course_wiki\tests\test_comprehensive_theming.py,3
.\lms\djangoapps\course_wiki\tests\test_middleware.py,2
.\lms\djangoapps\course_wiki\tests\test_tab.py,10
.\lms\djangoapps\course_wiki\tests\tests.py,13
.\lms\djangoapps\courseware\access_response.py,1
.\lms\djangoapps\courseware\courses.py,1
.\lms\djangoapps\courseware\management\commands\tests\test_dump_course.py,26
.\lms\djangoapps\courseware\model_data.py,6
.\lms\djangoapps\courseware\tests\helpers.py,16
.\lms\djangoapps\courseware\tests\pacts\verify_pact.py,1
.\lms\djangoapps\courseware\tests\test_about.py,9
.\lms\djangoapps\courseware\tests\test_access.py,97
.\lms\djangoapps\courseware\tests\test_block_render.py,164
.\lms\djangoapps\courseware\tests\test_comprehensive_theming.py,6
.\lms\djangoapps\courseware\tests\test_context_processor.py,15
.\lms\djangoapps\courseware\tests\test_course_survey.py,7
.\lms\djangoapps\courseware\tests\test_course_tools.py,7
.\lms\djangoapps\courseware\tests\test_courses.py,73
.\lms\djangoapps\courseware\tests\test_credit_requirements.py,2
.\lms\djangoapps\courseware\tests\test_date_summary.py,88
.\lms\djangoapps\courseware\tests\test_discussion_xblock.py,37
.\lms\djangoapps\courseware\tests\test_entrance_exam.py,15
.\lms\djangoapps\courseware\tests\test_favicon.py,2
.\lms\djangoapps\courseware\tests\test_field_overrides.py,18
.\lms\djangoapps\courseware\tests\test_footer.py,1
.\lms\djangoapps\courseware\tests\test_group_access.py,2
.\lms\djangoapps\courseware\tests\test_i18n.py,8
.\lms\djangoapps\courseware\tests\test_lti_integration.py,7
.\lms\djangoapps\courseware\tests\test_masquerade.py,46
.\lms\djangoapps\courseware\tests\test_middleware.py,3
.\lms\djangoapps\courseware\tests\test_model_data.py,36
.\lms\djangoapps\courseware\tests\test_rules.py,3
.\lms\djangoapps\courseware\tests\test_self_paced_overrides.py,11
.\lms\djangoapps\courseware\tests\test_services.py,1
.\lms\djangoapps\courseware\tests\test_sharing_sites.py,1
.\lms\djangoapps\courseware\tests\test_split_module.py,5
.\lms\djangoapps\courseware\tests\test_submitting_problems.py,53
.\lms\djangoapps\courseware\tests\test_tabs.py,60
.\lms\djangoapps\courseware\tests\test_utils.py,13
.\lms\djangoapps\courseware\tests\test_video_handlers.py,102
.\lms\djangoapps\courseware\tests\test_video_mongo.py,68
.\lms\djangoapps\courseware\tests\test_video_xml.py,4
.\lms\djangoapps\courseware\tests\test_view_authentication.py,9
.\lms\djangoapps\courseware\tests\test_views.py,170
.\lms\djangoapps\courseware\tests\test_word_cloud.py,10
.\lms\djangoapps\courseware\tests\tests.py,5
.\lms\djangoapps\courseware\testutils.py,2
.\lms\djangoapps\coursewarehistoryextended\tests.py,16
.\lms\djangoapps\discussion\django_comment_client\base\tests_v2.py,135
.\lms\djangoapps\discussion\django_comment_client\base\views.py,2
.\lms\djangoapps\discussion\django_comment_client\permissions.py,1
.\lms\djangoapps\discussion\django_comment_client\tests\group_id.py,16
.\lms\djangoapps\discussion\django_comment_client\tests\mixins.py,1
.\lms\djangoapps\discussion\django_comment_client\tests\mock_cs_server\test_mock_cs_server.py,1
.\lms\djangoapps\discussion\django_comment_client\tests\test_middleware.py,9
.\lms\djangoapps\discussion\django_comment_client\tests\test_models.py,5
.\lms\djangoapps\discussion\django_comment_client\tests\test_utils.py,119
.\lms\djangoapps\discussion\notification_prefs\tests.py,21
.\lms\djangoapps\discussion\plugins.py,1
.\lms\djangoapps\discussion\rest_api\tests\test_api.py,15
.\lms\djangoapps\discussion\rest_api\tests\test_api_v2.py,172
.\lms\djangoapps\discussion\rest_api\tests\test_forms.py,8
.\lms\djangoapps\discussion\rest_api\tests\test_pagination.py,1
.\lms\djangoapps\discussion\rest_api\tests\test_permissions.py,6
.\lms\djangoapps\discussion\rest_api\tests\test_render.py,10
.\lms\djangoapps\discussion\rest_api\tests\test_serializers_v2.py,57
.\lms\djangoapps\discussion\rest_api\tests\test_tasks_v2.py,4
.\lms\djangoapps\discussion\rest_api\tests\test_utils.py,5
.\lms\djangoapps\discussion\rest_api\tests\test_views.py,11
.\lms\djangoapps\discussion\rest_api\tests\test_views_v2.py,134
.\lms\djangoapps\discussion\rest_api\tests\utils.py,32
.\lms\djangoapps\discussion\rest_api\views.py,2
.\lms\djangoapps\discussion\tests\test_signals.py,4
.\lms\djangoapps\discussion\tests\test_tasks_v2.py,12
.\lms\djangoapps\discussion\tests\test_views.py,21
.\lms\djangoapps\discussion\tests\test_views_v2.py,76
.\lms\djangoapps\edxnotes\tests.py,53
.\lms\djangoapps\experiments\tests\test_flags.py,30
.\lms\djangoapps\experiments\tests\test_utils.py,20
.\lms\djangoapps\experiments\tests\test_views.py,43
.\lms\djangoapps\experiments\tests\test_views_custom.py,21
.\lms\djangoapps\gating\tests\test_api.py,4
.\lms\djangoapps\gating\tests\test_integration.py,5
.\lms\djangoapps\gating\tests\test_signals.py,2
.\lms\djangoapps\grades\management\commands\tests\test_compute_grades.py,7
.\lms\djangoapps\grades\management\commands\tests\test_send_segment_events_for_failed_learners.py,7
.\lms\djangoapps\grades\models.py,1
.\lms\djangoapps\grades\rest_api\v1\tests\test_gradebook_views.py,130
.\lms\djangoapps\grades\rest_api\v1\tests\test_grading_policy_view.py,1
.\lms\djangoapps\grades\rest_api\v1\tests\test_views.py,43
.\lms\djangoapps\grades\score_render.py,1
.\lms\djangoapps\grades\scores.py,2
.\lms\djangoapps\grades\subsection_grade.py,1
.\lms\djangoapps\grades\tasks.py,1
.\lms\djangoapps\grades\tests\base.py,1
.\lms\djangoapps\grades\tests\integration\test_access.py,5
.\lms\djangoapps\grades\tests\integration\test_events.py,1
.\lms\djangoapps\grades\tests\integration\test_problems.py,12
.\lms\djangoapps\grades\tests\test_api.py,11
.\lms\djangoapps\grades\tests\test_course_data.py,13
.\lms\djangoapps\grades\tests\test_course_grade.py,23
.\lms\djangoapps\grades\tests\test_course_grade_factory.py,35
.\lms\djangoapps\grades\tests\test_models.py,49
.\lms\djangoapps\grades\tests\test_scores.py,13
.\lms\djangoapps\grades\tests\test_services.py,18
.\lms\djangoapps\grades\tests\test_signals.py,5
.\lms\djangoapps\grades\tests\test_subsection_grade.py,7
.\lms\djangoapps\grades\tests\test_subsection_grade_factory.py,9
.\lms\djangoapps\grades\tests\test_tasks.py,24
.\lms\djangoapps\grades\tests\test_transformer.py,12
.\lms\djangoapps\instructor\tests\test_access.py,20
.\lms\djangoapps\instructor\tests\test_api.py,536
.\lms\djangoapps\instructor\tests\test_api_email_localization.py,3
.\lms\djangoapps\instructor\tests\test_api_v2.py,327
.\lms\djangoapps\instructor\tests\test_certificates.py,122
.\lms\djangoapps\instructor\tests\test_email.py,8
.\lms\djangoapps\instructor\tests\test_enrollment.py,84
.\lms\djangoapps\instructor\tests\test_enrollment_list_api.py,88
.\lms\djangoapps\instructor\tests\test_services.py,9
.\lms\djangoapps\instructor\tests\test_spoc_gradebook.py,11
.\lms\djangoapps\instructor\tests\test_tasks.py,3
.\lms\djangoapps\instructor\tests\test_tools.py,33
.\lms\djangoapps\instructor\tests\utils.py,7
.\lms\djangoapps\instructor\tests\views\test_api_v2.py,45
.\lms\djangoapps\instructor\tests\views\test_instructor_dashboard.py,24
.\lms\djangoapps\instructor\views\api.py,1
.\lms\djangoapps\instructor_analytics\tests\test_basic.py,69
.\lms\djangoapps\instructor_analytics\tests\test_csvs.py,22
.\lms\djangoapps\instructor_analytics\tests\test_distributions.py,28
.\lms\djangoapps\instructor_task\api_helper.py,2
.\lms\djangoapps\instructor_task\management\commands\tests\test_fail_old_tasks.py,12
.\lms\djangoapps\instructor_task\rest_api\v1\tests\test_views.py,23
.\lms\djangoapps\instructor_task\tests\test_api.py,8
.\lms\djangoapps\instructor_task\tests\test_api_helper.py,7
.\lms\djangoapps\instructor_task\tests\test_base.py,2
.\lms\djangoapps\instructor_task\tests\test_integration.py,33
.\lms\djangoapps\instructor_task\tests\test_models.py,3
.\lms\djangoapps\instructor_task\tests\test_subtasks.py,6
.\lms\djangoapps\instructor_task\tests\test_tasks.py,62
.\lms\djangoapps\instructor_task\tests\test_tasks_helper.py,44
.\lms\djangoapps\instructor_task\tests\test_views.py,98
.\lms\djangoapps\learner_dashboard\tests\test_programs.py,14
.\lms\djangoapps\learner_dashboard\tests\test_utils.py,1
.\lms\djangoapps\learner_dashboard\tests\test_views.py,1
.\lms\djangoapps\learner_home\test_serializers.py,34
.\lms\djangoapps\learner_home\test_utils.py,4
.\lms\djangoapps\learner_home\test_views.py,59
.\lms\djangoapps\learnnov_certificates\views.py,1
.\lms\djangoapps\learnnov_exams\tests.py,1
.\lms\djangoapps\learnnov_exams\views.py,1
.\lms\djangoapps\learnnov_payments\views.py,1
.\lms\djangoapps\lms_xblock\test\test_runtime.py,20
.\lms\djangoapps\lti_provider\management\commands\tests\test_resend_lti_scores.py,9
.\lms\djangoapps\lti_provider\tests\test_outcomes.py,42
.\lms\djangoapps\lti_provider\tests\test_signature_validator.py,6
.\lms\djangoapps\lti_provider\tests\test_tasks.py,2
.\lms\djangoapps\lti_provider\tests\test_users.py,40
.\lms\djangoapps\lti_provider\tests\test_views.py,8
.\lms\djangoapps\mfe_config_api\tests\test_views.py,3
.\lms\djangoapps\mfe_config_api\views.py,3
.\lms\djangoapps\mobile_api\tests\test_context_processor.py,2
.\lms\djangoapps\mobile_api\tests\test_course_info_views.py,47
.\lms\djangoapps\mobile_api\tests\test_decorator.py,3
.\lms\djangoapps\mobile_api\tests\test_middleware.py,21
.\lms\djangoapps\mobile_api\tests\test_milestones.py,1
.\lms\djangoapps\mobile_api\tests\test_mobile_platform.py,3
.\lms\djangoapps\mobile_api\tests\test_model.py,7
.\lms\djangoapps\mobile_api\testutils.py,5
.\lms\djangoapps\mobile_api\users\tests.py,61
.\lms\djangoapps\ora_staff_grader\tests\test_serializers.py,48
.\lms\djangoapps\ora_staff_grader\tests\test_views.py,74
.\lms\djangoapps\program_ads\targeting.py,2
.\lms\djangoapps\program_enrollments\api\tests\test_linking.py,25
.\lms\djangoapps\program_enrollments\api\tests\test_reading.py,13
.\lms\djangoapps\program_enrollments\api\tests\test_writing.py,16
.\lms\djangoapps\program_enrollments\management\commands\tests\test_migrate_saml_uids.py,8
.\lms\djangoapps\program_enrollments\management\commands\tests\test_reset_enrollment_data.py,4
.\lms\djangoapps\program_enrollments\management\commands\tests\test_send_program_course_nudge_email.py,3
.\lms\djangoapps\program_enrollments\rest_api\v1\tests\test_views.py,214
.\lms\djangoapps\program_enrollments\tests\test_admin.py,3
.\lms\djangoapps\program_enrollments\tests\test_models.py,12
.\lms\djangoapps\program_enrollments\tests\test_signals.py,11
.\lms\djangoapps\program_enrollments\tests\test_tasks.py,10
.\lms\djangoapps\rss_proxy\tests\test_models.py,1
.\lms\djangoapps\rss_proxy\tests\test_views.py,7
.\lms\djangoapps\static_template_view\tests\test_views.py,6
.\lms\djangoapps\staticbook\tests.py,6
.\lms\djangoapps\support\tests\test_tasks.py,6
.\lms\djangoapps\support\tests\test_views.py,140
.\lms\djangoapps\survey\tests\test_models.py,57
.\lms\djangoapps\survey\tests\test_signals.py,2
.\lms\djangoapps\survey\tests\test_utils.py,10
.\lms\djangoapps\survey\tests\test_views.py,14
.\lms\djangoapps\teams\tests\test_api.py,56
.\lms\djangoapps\teams\tests\test_csv.py,40
.\lms\djangoapps\teams\tests\test_models.py,20
.\lms\djangoapps\teams\tests\test_partition_scheme.py,5
.\lms\djangoapps\teams\tests\test_serializers.py,7
.\lms\djangoapps\teams\tests\test_services.py,7
.\lms\djangoapps\teams\tests\test_views.py,145
.\lms\djangoapps\tests\test_utils.py,1
.\lms\djangoapps\user_tours\management\commands\tests\test_backpopulate_user_tours.py,19
.\lms\djangoapps\user_tours\tests\test_handlers.py,4
.\lms\djangoapps\user_tours\v1\tests\test_views.py,23
.\lms\djangoapps\verify_student\management\commands\tests\test_approve_id_verifications.py,6
.\lms\djangoapps\verify_student\management\commands\tests\test_backfill_sso_verifications_for_old_account_links.py,6
.\lms\djangoapps\verify_student\management\commands\tests\test_manual_verify_student.py,2
.\lms\djangoapps\verify_student\management\commands\tests\test_retry_failed_photo_verifications.py,3
.\lms\djangoapps\verify_student\management\commands\tests\test_send_verification_expiry_email.py,21
.\lms\djangoapps\verify_student\tests\__init__.py,4
.\lms\djangoapps\verify_student\tests\fake_software_secure.py,1
.\lms\djangoapps\verify_student\tests\test_api.py,4
.\lms\djangoapps\verify_student\tests\test_fake_software_secure.py,4
.\lms\djangoapps\verify_student\tests\test_handlers.py,6
.\lms\djangoapps\verify_student\tests\test_integration.py,3
.\lms\djangoapps\verify_student\tests\test_models.py,39
.\lms\djangoapps\verify_student\tests\test_services.py,17
.\lms\djangoapps\verify_student\tests\test_ssencrypt.py,4
.\lms\djangoapps\verify_student\tests\test_utils.py,13
.\lms\djangoapps\verify_student\tests\test_views.py,109
.\lms\envs\common.py,2
.\lms\envs\devstack.py,4
.\lms\envs\production.py,1
.\lms\envs\test.py,6
.\lms\lib\courseware_search\test\test_lms_filter_generator.py,27
.\lms\lib\courseware_search\test\test_lms_result_processor.py,3
.\lms\lib\tests\test_utils.py,10
.\lms\lib\xblock\test\test_mixin.py,26
.\lms\tests.py,2
.\openedx\core\djangoapps\ace_common\tests\mixins.py,2
.\openedx\core\djangoapps\ace_common\tests\test_message.py,2
.\openedx\core\djangoapps\ace_common\tests\test_templatetags.py,5
.\openedx\core\djangoapps\ace_common\tests\test_tracking.py,12
.\openedx\core\djangoapps\agreements\tests\test_api.py,7
.\openedx\core\djangoapps\agreements\tests\test_models.py,5
.\openedx\core\djangoapps\agreements\tests\test_views.py,26
.\openedx\core\djangoapps\api_admin\api\v1\tests\test_views.py,5
.\openedx\core\djangoapps\api_admin\management\commands\tests\test_create_api_access_request.py,9
.\openedx\core\djangoapps\api_admin\tests\test_forms.py,3
.\openedx\core\djangoapps\api_admin\tests\test_models.py,24
.\openedx\core\djangoapps\api_admin\tests\test_views.py,34
.\openedx\core\djangoapps\auth_exchange\tests\mixins.py,1
.\openedx\core\djangoapps\auth_exchange\tests\test_forms.py,5
.\openedx\core\djangoapps\auth_exchange\tests\test_views.py,37
.\openedx\core\djangoapps\authz\tests\mixins.py,1
.\openedx\core\djangoapps\bookmarks\tests\test_api.py,26
.\openedx\core\djangoapps\bookmarks\tests\test_models.py,40
.\openedx\core\djangoapps\bookmarks\tests\test_services.py,13
.\openedx\core\djangoapps\bookmarks\tests\test_tasks.py,4
.\openedx\core\djangoapps\bookmarks\tests\test_views.py,41
.\openedx\core\djangoapps\cache_toolbox\tests\test_middleware.py,13
.\openedx\core\djangoapps\catalog\management\commands\tests\test_cache_programs.py,27
.\openedx\core\djangoapps\catalog\management\commands\tests\test_create_catalog_integrations.py,15
.\openedx\core\djangoapps\catalog\management\commands\tests\test_sync_course_runs.py,3
.\openedx\core\djangoapps\catalog\tests\test_api.py,1
.\openedx\core\djangoapps\catalog\tests\test_models.py,3
.\openedx\core\djangoapps\catalog\tests\test_utils.py,84
.\openedx\core\djangoapps\ccxcon\api.py,1
.\openedx\core\djangoapps\ccxcon\tests\factories.py,1
.\openedx\core\djangoapps\ccxcon\tests\test_api.py,17
.\openedx\core\djangoapps\ccxcon\tests\test_tasks.py,4
.\openedx\core\djangoapps\commerce\utils.py,6
.\openedx\core\djangoapps\content\block_structure\management\commands\tests\test_generate_course_blocks.py,14
.\openedx\core\djangoapps\content\block_structure\tests\helpers.py,3
.\openedx\core\djangoapps\content\block_structure\tests\test_block_structure.py,18
.\openedx\core\djangoapps\content\block_structure\tests\test_manager.py,11
.\openedx\core\djangoapps\content\block_structure\tests\test_models.py,11
.\openedx\core\djangoapps\content\block_structure\tests\test_signals.py,7
.\openedx\core\djangoapps\content\block_structure\tests\test_store.py,3
.\openedx\core\djangoapps\content\block_structure\tests\test_tasks.py,1
.\openedx\core\djangoapps\content\block_structure\tests\test_transformer_registry.py,4
.\openedx\core\djangoapps\content\block_structure\tests\test_transformers.py,7
.\openedx\core\djangoapps\content\course_overviews\management\commands\tests\test_generate_course_overview.py,8
.\openedx\core\djangoapps\content\course_overviews\management\commands\tests\test_simulate_publish.py,10
.\openedx\core\djangoapps\content\course_overviews\tests\test_api.py,11
.\openedx\core\djangoapps\content\course_overviews\tests\test_course_overviews.py,81
.\openedx\core\djangoapps\content\course_overviews\tests\test_signals.py,5
.\openedx\core\djangoapps\content\course_overviews\tests\test_sync_with_openedx_catalog.py,17
.\openedx\core\djangoapps\content\course_overviews\tests\test_tasks.py,3
.\openedx\core\djangoapps\content\learning_sequences\api\processors\content_gating.py,1
.\openedx\core\djangoapps\content\learning_sequences\api\tests\test_data.py,17
.\openedx\core\djangoapps\content\learning_sequences\api\tests\test_outlines.py,131
.\openedx\core\djangoapps\content\learning_sequences\tests\test_views.py,44
.\openedx\core\djangoapps\content\search\documents.py,1
.\openedx\core\djangoapps\content\search\tests\test_api.py,20
.\openedx\core\djangoapps\content\search\tests\test_documents.py,14
.\openedx\core\djangoapps\content\search\tests\test_handlers.py,2
.\openedx\core\djangoapps\content\search\tests\test_models.py,10
.\openedx\core\djangoapps\content\search\tests\test_reconcile.py,72
.\openedx\core\djangoapps\content\search\tests\test_reindex_cmd.py,3
.\openedx\core\djangoapps\content\search\tests\test_views.py,20
.\openedx\core\djangoapps\content_libraries\api\blocks.py,9
.\openedx\core\djangoapps\content_libraries\api\collections.py,13
.\openedx\core\djangoapps\content_libraries\api\container_metadata.py,8
.\openedx\core\djangoapps\content_libraries\api\containers.py,6
.\openedx\core\djangoapps\content_libraries\api\libraries.py,5
.\openedx\core\djangoapps\content_libraries\library_context.py,5
.\openedx\core\djangoapps\content_libraries\models.py,1
.\openedx\core\djangoapps\content_libraries\rest_api\collections.py,3
.\openedx\core\djangoapps\content_libraries\rest_api\containers.py,1
.\openedx\core\djangoapps\content_libraries\signal_handlers.py,1
.\openedx\core\djangoapps\content_libraries\tasks.py,1
.\openedx\core\djangoapps\content_libraries\tests\base.py,10
.\openedx\core\djangoapps\content_libraries\tests\test_api.py,107
.\openedx\core\djangoapps\content_libraries\tests\test_containers.py,130
.\openedx\core\djangoapps\content_libraries\tests\test_content_libraries.py,99
.\openedx\core\djangoapps\content_libraries\tests\test_course_to_library.py,8
.\openedx\core\djangoapps\content_libraries\tests\test_embed_block.py,16
.\openedx\core\djangoapps\content_libraries\tests\test_events.py,17
.\openedx\core\djangoapps\content_libraries\tests\test_runtime.py,81
.\openedx\core\djangoapps\content_libraries\tests\test_static_assets.py,27
.\openedx\core\djangoapps\content_libraries\tests\test_tasks.py,9
.\openedx\core\djangoapps\content_libraries\tests\test_versioned_apis.py,10
.\openedx\core\djangoapps\content_libraries\tests\test_views_collections.py,40
.\openedx\core\djangoapps\content_staging\tests\test_clipboard.py,59
.\openedx\core\djangoapps\content_tagging\api.py,2
.\openedx\core\djangoapps\content_tagging\rest_api\v1\tests\test_views.py,201
.\openedx\core\djangoapps\content_tagging\rest_api\v1\views.py,1
.\openedx\core\djangoapps\content_tagging\rules.py,3
.\openedx\core\djangoapps\content_tagging\tests\test_api.py,42
.\openedx\core\djangoapps\content_tagging\tests\test_objecttag_export_helpers.py,11
.\openedx\core\djangoapps\content_tagging\tests\test_rules.py,130
.\openedx\core\djangoapps\content_tagging\tests\test_tasks.py,23
.\openedx\core\djangoapps\content_tagging\utils.py,1
.\openedx\core\djangoapps\contentserver\test\test_contentserver.py,63
.\openedx\core\djangoapps\contentserver\test\test_views.py,1
.\openedx\core\djangoapps\cors_csrf\tests\test_authentication.py,2
.\openedx\core\djangoapps\cors_csrf\tests\test_decorators.py,3
.\openedx\core\djangoapps\cors_csrf\tests\test_middleware.py,9
.\openedx\core\djangoapps\cors_csrf\tests\test_views.py,2
.\openedx\core\djangoapps\course_apps\rest_api\tests\test_views.py,11
.\openedx\core\djangoapps\course_apps\rest_api\tests\test_views_permissions.py,8
.\openedx\core\djangoapps\course_apps\tests\test_api.py,8
.\openedx\core\djangoapps\course_apps\tests\test_notes_app.py,2
.\openedx\core\djangoapps\course_apps\tests\test_proctoring_app.py,4
.\openedx\core\djangoapps\course_apps\tests\test_wiki_app.py,2
.\openedx\core\djangoapps\course_apps\tests\utils.py,3
.\openedx\core\djangoapps\course_date_signals\tests.py,6
.\openedx\core\djangoapps\course_groups\cohorts.py,2
.\openedx\core\djangoapps\course_groups\tests\test_api_views.py,84
.\openedx\core\djangoapps\course_groups\tests\test_cohorts.py,65
.\openedx\core\djangoapps\course_groups\tests\test_partition_scheme.py,7
.\openedx\core\djangoapps\course_groups\tests\test_views.py,69
.\openedx\core\djangoapps\course_live\tests\test_tab.py,5
.\openedx\core\djangoapps\course_live\tests\test_views.py,5
.\openedx\core\djangoapps\courseware_api\tests\pacts\verify_pact.py,1
.\openedx\core\djangoapps\courseware_api\tests\test_views.py,133
.\openedx\core\djangoapps\crawlers\tests\test_models.py,2
.\openedx\core\djangoapps\credentials\management\commands\tests\test_create_credentials_api_configuration.py,1
.\openedx\core\djangoapps\credentials\management\commands\tests\test_notify_credentials.py,47
.\openedx\core\djangoapps\credentials\tests\test_api.py,3
.\openedx\core\djangoapps\credentials\tests\test_models.py,7
.\openedx\core\djangoapps\credentials\tests\test_signals.py,4
.\openedx\core\djangoapps\credentials\tests\test_tasks.py,60
.\openedx\core\djangoapps\credentials\tests\test_utils.py,9
.\openedx\core\djangoapps\credit\tests\test_api.py,117
.\openedx\core\djangoapps\credit\tests\test_models.py,21
.\openedx\core\djangoapps\credit\tests\test_serializers.py,1
.\openedx\core\djangoapps\credit\tests\test_services.py,44
.\openedx\core\djangoapps\credit\tests\test_signals.py,2
.\openedx\core\djangoapps\credit\tests\test_signature.py,6
.\openedx\core\djangoapps\credit\tests\test_tasks.py,28
.\openedx\core\djangoapps\credit\tests\test_views.py,64
.\openedx\core\djangoapps\dark_lang\tests.py,19
.\openedx\core\djangoapps\discussions\tests\test_admin.py,1
.\openedx\core\djangoapps\discussions\tests\test_handlers.py,24
.\openedx\core\djangoapps\discussions\tests\test_models.py,51
.\openedx\core\djangoapps\discussions\tests\test_tasks.py,20
.\openedx\core\djangoapps\discussions\tests\test_transformer.py,4
.\openedx\core\djangoapps\discussions\tests\test_views.py,86
.\openedx\core\djangoapps\discussions\tests\test_views_permissions.py,11
.\openedx\core\djangoapps\django_comment_common\models.py,1
.\openedx\core\djangoapps\django_comment_common\tests.py,15
.\openedx\core\djangoapps\embargo\tests\test_api.py,13
.\openedx\core\djangoapps\embargo\tests\test_forms.py,16
.\openedx\core\djangoapps\embargo\tests\test_middleware.py,7
.\openedx\core\djangoapps\embargo\tests\test_models.py,34
.\openedx\core\djangoapps\embargo\tests\test_views.py,9
.\openedx\core\djangoapps\enrollments\management\tests\test_enroll_user_in_course.py,2
.\openedx\core\djangoapps\enrollments\tests\test_api.py,41
.\openedx\core\djangoapps\enrollments\tests\test_data.py,27
.\openedx\core\djangoapps\enrollments\tests\test_services.py,5
.\openedx\core\djangoapps\enrollments\tests\test_views.py,173
.\openedx\core\djangoapps\external_user_ids\tests\test_admin_generate_id.py,4
.\openedx\core\djangoapps\external_user_ids\tests\test_batch_generate_id.py,5
.\openedx\core\djangoapps\geoinfo\tests\test_middleware.py,14
.\openedx\core\djangoapps\header_control\tests\test_decorators.py,3
.\openedx\core\djangoapps\header_control\tests\test_middleware.py,10
.\openedx\core\djangoapps\heartbeat\tests\test_heartbeat.py,4
.\openedx\core\djangoapps\lang_pref\tests\test_api.py,10
.\openedx\core\djangoapps\lang_pref\tests\test_middleware.py,21
.\openedx\core\djangoapps\lang_pref\tests\test_views.py,4
.\openedx\core\djangoapps\models\tests\test_course_details.py,34
.\openedx\core\djangoapps\notifications\email\tests\test_tasks.py,135
.\openedx\core\djangoapps\notifications\email\tests\test_utils.py,20
.\openedx\core\djangoapps\notifications\email\tests\utils.py,2
.\openedx\core\djangoapps\notifications\management\tests\test_delete_notifications.py,4
.\openedx\core\djangoapps\notifications\push\tests\test_tasks.py,2
.\openedx\core\djangoapps\notifications\tests\test_base_notification.py,17
.\openedx\core\djangoapps\notifications\tests\test_notification_grouping.py,2
.\openedx\core\djangoapps\notifications\tests\test_tasks_with_account_level_pref.py,18
.\openedx\core\djangoapps\notifications\tests\test_views.py,12
.\openedx\core\djangoapps\oauth_dispatch\dot_overrides\validators.py,1
.\openedx\core\djangoapps\oauth_dispatch\dot_overrides\views.py,1
.\openedx\core\djangoapps\oauth_dispatch\jwt.py,1
.\openedx\core\djangoapps\oauth_dispatch\management\commands\generate_jwt_signing_key.py,1
.\openedx\core\djangoapps\oauth_dispatch\management\commands\tests\test_clear_expired_tokens.py,10
.\openedx\core\djangoapps\oauth_dispatch\management\commands\tests\test_create_dot_application.py,20
.\openedx\core\djangoapps\oauth_dispatch\management\commands\tests\test_generate_jwt_signing_key.py,6
.\openedx\core\djangoapps\oauth_dispatch\tests\factories.py,1
.\openedx\core\djangoapps\oauth_dispatch\tests\mixins.py,1
.\openedx\core\djangoapps\oauth_dispatch\tests\test_api.py,6
.\openedx\core\djangoapps\oauth_dispatch\tests\test_client_credentials.py,3
.\openedx\core\djangoapps\oauth_dispatch\tests\test_dot_adapter.py,11
.\openedx\core\djangoapps\oauth_dispatch\tests\test_dot_overrides.py,12
.\openedx\core\djangoapps\oauth_dispatch\tests\test_factories.py,3
.\openedx\core\djangoapps\oauth_dispatch\tests\test_jwt.py,18
.\openedx\core\djangoapps\oauth_dispatch\tests\test_scopes.py,3
.\openedx\core\djangoapps\oauth_dispatch\tests\test_views.py,83
.\openedx\core\djangoapps\oauth_dispatch\views.py,2
.\openedx\core\djangoapps\olx_rest_api\test_views.py,13
.\openedx\core\djangoapps\password_policy\tests\test_apps.py,4
.\openedx\core\djangoapps\password_policy\tests\test_compliance.py,32
.\openedx\core\djangoapps\password_policy\tests\test_forms.py,8
.\openedx\core\djangoapps\password_policy\tests\test_hibp.py,5
.\openedx\core\djangoapps\plugins\i18n_api.py,3
.\openedx\core\djangoapps\plugins\tests\test_commands.py,5
.\openedx\core\djangoapps\plugins\tests\test_i18n_api.py,7
.\openedx\core\djangoapps\profile_images\tests\test_images.py,13
.\openedx\core\djangoapps\profile_images\tests\test_views.py,34
.\openedx\core\djangoapps\programs\rest_api\v1\tests\test_views.py,21
.\openedx\core\djangoapps\programs\tests\test_signals.py,30
.\openedx\core\djangoapps\programs\tests\test_tasks.py,65
.\openedx\core\djangoapps\programs\tests\test_utils.py,91
.\openedx\core\djangoapps\safe_sessions\middleware.py,1
.\openedx\core\djangoapps\safe_sessions\tests\test_middleware.py,91
.\openedx\core\djangoapps\safe_sessions\tests\test_safe_cookie_data.py,18
.\openedx\core\djangoapps\safe_sessions\tests\test_utils.py,4
.\openedx\core\djangoapps\schedules\management\commands\tests\send_email_base.py,25
.\openedx\core\djangoapps\schedules\management\commands\tests\test_send_course_update.py,3
.\openedx\core\djangoapps\schedules\management\commands\tests\test_send_email_base_command.py,4
.\openedx\core\djangoapps\schedules\management\commands\tests\test_send_upgrade_reminder.py,3
.\openedx\core\djangoapps\schedules\management\commands\tests\upsell_base.py,3
.\openedx\core\djangoapps\schedules\tests\test_config.py,17
.\openedx\core\djangoapps\schedules\tests\test_content_highlights.py,13
.\openedx\core\djangoapps\schedules\tests\test_resolvers.py,13
.\openedx\core\djangoapps\schedules\tests\test_signals.py,11
.\openedx\core\djangoapps\schedules\tests\test_tasks.py,3
.\openedx\core\djangoapps\schedules\tests\test_utils.py,4
.\openedx\core\djangoapps\service_status\test.py,6
.\openedx\core\djangoapps\session_inactivity_timeout\tests\test_middleware.py,19
.\openedx\core\djangoapps\site_configuration\management\commands\tests\test_create_or_update_site_configuration.py,14
.\openedx\core\djangoapps\site_configuration\tests\test_context_processors.py,2
.\openedx\core\djangoapps\site_configuration\tests\test_helpers.py,26
.\openedx\core\djangoapps\site_configuration\tests\test_middleware.py,5
.\openedx\core\djangoapps\site_configuration\tests\test_models.py,39
.\openedx\core\djangoapps\system_wide_roles\tests\test_models.py,4
.\openedx\core\djangoapps\theming\management\commands\tests\test_create_sites_and_configurations.py,17
.\openedx\core\djangoapps\theming\storage.py,1
.\openedx\core\djangoapps\theming\tests\test_finders.py,8
.\openedx\core\djangoapps\theming\tests\test_helpers.py,14
.\openedx\core\djangoapps\theming\tests\test_middleware.py,11
.\openedx\core\djangoapps\theming\tests\test_storage.py,3
.\openedx\core\djangoapps\theming\tests\test_theme_locales.py,2
.\openedx\core\djangoapps\theming\tests\test_theme_style_overrides.py,14
.\openedx\core\djangoapps\theming\tests\test_views.py,9
.\openedx\core\djangoapps\user_api\accounts\__init__.py,1
.\openedx\core\djangoapps\user_api\accounts\tests\test_api.py,51
.\openedx\core\djangoapps\user_api\accounts\tests\test_image_helpers.py,3
.\openedx\core\djangoapps\user_api\accounts\tests\test_models.py,16
.\openedx\core\djangoapps\user_api\accounts\tests\test_permissions.py,11
.\openedx\core\djangoapps\user_api\accounts\tests\test_retirement_views.py,110
.\openedx\core\djangoapps\user_api\accounts\tests\test_serializers.py,5
.\openedx\core\djangoapps\user_api\accounts\tests\test_utils.py,4
.\openedx\core\djangoapps\user_api\accounts\tests\test_views.py,155
.\openedx\core\djangoapps\user_api\accounts\utils.py,2
.\openedx\core\djangoapps\user_api\course_tag\tests\test_api.py,4
.\openedx\core\djangoapps\user_api\management\tests\test_bulk_user_org_email_optout.py,1
.\openedx\core\djangoapps\user_api\management\tests\test_cancel_retirement.py,3
.\openedx\core\djangoapps\user_api\management\tests\test_email_opt_in_list.py,7
.\openedx\core\djangoapps\user_api\management\tests\test_populate_retirement_states.py,2
.\openedx\core\djangoapps\user_api\management\tests\test_retire_user.py,6
.\openedx\core\djangoapps\user_api\management\tests\test_sync_hubspot_contacts.py,5
.\openedx\core\djangoapps\user_api\middleware.py,1
.\openedx\core\djangoapps\user_api\partition_schemes.py,1
.\openedx\core\djangoapps\user_api\preferences\tests\test_api.py,36
.\openedx\core\djangoapps\user_api\preferences\tests\test_views.py,29
.\openedx\core\djangoapps\user_api\tests\test_api.py,4
.\openedx\core\djangoapps\user_api\tests\test_helpers.py,8
.\openedx\core\djangoapps\user_api\tests\test_middleware.py,3
.\openedx\core\djangoapps\user_api\tests\test_models.py,21
.\openedx\core\djangoapps\user_api\tests\test_partition_schemes.py,9
.\openedx\core\djangoapps\user_api\tests\test_views.py,77
.\openedx\core\djangoapps\user_api\verification_api\tests\test_views.py,12
.\openedx\core\djangoapps\user_authn\api\tests\test_views.py,29
.\openedx\core\djangoapps\user_authn\tests\test_cookies.py,11
.\openedx\core\djangoapps\user_authn\tests\test_exceptions.py,1
.\openedx\core\djangoapps\user_authn\tests\test_signals.py,4
.\openedx\core\djangoapps\user_authn\tests\test_tasks.py,15
.\openedx\core\djangoapps\user_authn\tests\test_utils.py,10
.\openedx\core\djangoapps\user_authn\tests\utils.py,18
.\openedx\core\djangoapps\user_authn\utils.py,1
.\openedx\core\djangoapps\user_authn\views\login.py,2
.\openedx\core\djangoapps\user_authn\views\password_reset.py,4
.\openedx\core\djangoapps\user_authn\views\register.py,2
.\openedx\core\djangoapps\user_authn\views\tests\test_auth.py,4
.\openedx\core\djangoapps\user_authn\views\tests\test_auto_auth.py,37
.\openedx\core\djangoapps\user_authn\views\tests\test_events.py,3
.\openedx\core\djangoapps\user_authn\views\tests\test_filters.py,5
.\openedx\core\djangoapps\user_authn\views\tests\test_login.py,51
.\openedx\core\djangoapps\user_authn\views\tests\test_logistration.py,15
.\openedx\core\djangoapps\user_authn\views\tests\test_logout.py,3
.\openedx\core\djangoapps\user_authn\views\tests\test_password.py,45
.\openedx\core\djangoapps\user_authn\views\tests\test_register.py,99
.\openedx\core\djangoapps\user_authn\views\tests\test_reset_password.py,94
.\openedx\core\djangoapps\user_authn\views\utils.py,1
.\openedx\core\djangoapps\util\management\commands\reset_db.py,2
.\openedx\core\djangoapps\util\test_forms.py,3
.\openedx\core\djangoapps\util\tests\test_dump_settings.py,10
.\openedx\core\djangoapps\util\tests\test_maintenance_banner.py,3
.\openedx\core\djangoapps\util\tests\test_print_setting.py,2
.\openedx\core\djangoapps\util\tests\test_ratelimit.py,5
.\openedx\core\djangoapps\util\tests\test_signals.py,1
.\openedx\core\djangoapps\util\tests\test_user_messages.py,14
.\openedx\core\djangoapps\util\tests\test_user_utils.py,6
.\openedx\core\djangoapps\util\user_messages.py,2
.\openedx\core\djangoapps\verified_track_content\tests\test_partition_scheme.py,22
.\openedx\core\djangoapps\video_config\tests\test_models.py,10
.\openedx\core\djangoapps\video_config\tests\test_services.py,5
.\openedx\core\djangoapps\video_config\transcripts_utils.py,2
.\openedx\core\djangoapps\video_pipeline\tests\mixins.py,1
.\openedx\core\djangoapps\video_pipeline\tests\test_api.py,5
.\openedx\core\djangoapps\waffle_utils\__init__.py,1
.\openedx\core\djangoapps\waffle_utils\tests\test_init.py,12
.\openedx\core\djangoapps\waffle_utils\tests\test_models.py,2
.\openedx\core\djangoapps\waffle_utils\tests\test_views.py,41
.\openedx\core\djangoapps\xblock\api.py,1
.\openedx\core\djangoapps\xblock\rest_api\views.py,2
.\openedx\core\djangoapps\xblock\runtime\openedx_content_runtime.py,1
.\openedx\core\djangoapps\xblock\runtime\runtime.py,2
.\openedx\core\djangoapps\xblock\tests\test_utils.py,15
.\openedx\core\djangoapps\zendesk_proxy\tests\test_utils.py,5
.\openedx\core\djangoapps\zendesk_proxy\tests\test_v0_views.py,5
.\openedx\core\djangoapps\zendesk_proxy\tests\test_v1_views.py,7
.\openedx\core\djangolib\testing\tests\test_utils.py,3
.\openedx\core\djangolib\testing\utils.py,3
.\openedx\core\djangolib\tests\test_js_utils.py,27
.\openedx\core\djangolib\tests\test_markup.py,24
.\openedx\core\djangolib\tests\test_oauth2_retirement_utils.py,1
.\openedx\core\djangolib\tests\test_translation_utils.py,2
.\openedx\core\lib\api\authentication.py,5
.\openedx\core\lib\api\fields.py,2
.\openedx\core\lib\api\test_utils.py,10
.\openedx\core\lib\api\tests\test_authentication.py,15
.\openedx\core\lib\api\tests\test_exceptions.py,5
.\openedx\core\lib\api\tests\test_fields.py,2
.\openedx\core\lib\api\tests\test_parsers.py,11
.\openedx\core\lib\api\tests\test_permissions.py,20
.\openedx\core\lib\api\tests\test_view_utils.py,4
.\openedx\core\lib\api\view_utils.py,1
.\openedx\core\lib\cache_utils.py,2
.\openedx\core\lib\gating\tests\test_api.py,47
.\openedx\core\lib\html_to_text.py,3
.\openedx\core\lib\safe_lxml\tests.py,2
.\openedx\core\lib\session_serializers.py,1
.\openedx\core\lib\tests\test_cache_utils.py,81
.\openedx\core\lib\tests\test_command_utils.py,1
.\openedx\core\lib\tests\test_course_tab_api.py,1
.\openedx\core\lib\tests\test_course_tabs.py,6
.\openedx\core\lib\tests\test_courses.py,2
.\openedx\core\lib\tests\test_derived.py,7
.\openedx\core\lib\tests\test_edx_api_utils.py,20
.\openedx\core\lib\tests\test_grade_utils.py,7
.\openedx\core\lib\tests\test_graph_traversals.py,7
.\openedx\core\lib\tests\test_hash_utils.py,3
.\openedx\core\lib\tests\test_request_utils.py,24
.\openedx\core\lib\tests\test_teams_config.py,12
.\openedx\core\lib\tests\test_time_zone_utils.py,3
.\openedx\core\lib\tests\test_url_utils.py,2
.\openedx\core\lib\tests\test_user_util.py,33
.\openedx\core\lib\tests\test_xblock_utils.py,22
.\openedx\core\lib\x_forwarded_for\tests\test_middleware.py,1
.\openedx\core\lib\xblock_serializer\test_api.py,5
.\openedx\core\lib\xblock_serializer\test_utils.py,4
.\openedx\core\process_warnings.py,1
.\openedx\core\tests\test_admin_view.py,5
.\openedx\envs\common.py,13
.\openedx\envs\test.py,5
.\openedx\features\calendar_sync\tests\test_api.py,8
.\openedx\features\calendar_sync\tests\test_ics.py,1
.\openedx\features\calendar_sync\tests\test_init.py,2
.\openedx\features\calendar_sync\tests\test_models.py,4
.\openedx\features\calendar_sync\tests\test_plugins.py,1
.\openedx\features\calendar_sync\tests\test_views.py,3
.\openedx\features\content_type_gating\tests\test_access.py,22
.\openedx\features\content_type_gating\tests\test_models.py,28
.\openedx\features\content_type_gating\tests\test_partitions.py,9
.\openedx\features\course_bookmarks\tests\test_course_bookmarks.py,1
.\openedx\features\course_duration_limits\tests\test_access.py,9
.\openedx\features\course_duration_limits\tests\test_course_expiration.py,12
.\openedx\features\course_duration_limits\tests\test_models.py,28
.\openedx\features\course_experience\api\v1\tests\test_utils.py,9
.\openedx\features\course_experience\api\v1\tests\test_views.py,16
.\openedx\features\course_experience\tests\test_course_updates.py,13
.\openedx\features\course_experience\tests\test_url_helpers.py,2
.\openedx\features\course_experience\tests\views\test_course_home.py,2
.\openedx\features\course_experience\tests\views\test_course_updates.py,1
.\openedx\features\course_experience\tests\views\test_masquerade.py,1
.\openedx\features\course_experience\utils.py,1
.\openedx\features\discounts\tests\test_applicability.py,11
.\openedx\features\discounts\tests\test_discount_restriction_models.py,5
.\openedx\features\discounts\tests\test_utils.py,10
.\openedx\features\discounts\tests\test_views.py,5
.\openedx\features\effort_estimation\tests\test_block_transformers.py,22
.\openedx\features\enterprise_support\enrollments\tests\test_utils.py,5
.\openedx\features\enterprise_support\tests\mixins\enterprise.py,4
.\openedx\features\enterprise_support\tests\test_admin.py,9
.\openedx\features\enterprise_support\tests\test_api.py,100
.\openedx\features\enterprise_support\tests\test_context.py,2
.\openedx\features\enterprise_support\tests\test_logout.py,2
.\openedx\features\enterprise_support\tests\test_signals.py,8
.\openedx\features\enterprise_support\tests\test_utils.py,48
.\openedx\features\lti_course_tab\tests.py,5
.\openedx\features\personalized_learner_schedules\show_answer\tests\test_show_answer_override.py,4
.\openedx\features\survey_report\management\commands\tests\test_generate_report.py,6
.\openedx\features\survey_report\tests\test_query_methods.py,11
.\openedx\tests\ci\test_ci_matrix.py,1
.\openedx\tests\completion_integration\test_handlers.py,4
.\openedx\tests\completion_integration\test_models.py,25
.\openedx\tests\completion_integration\test_services.py,20
.\openedx\tests\completion_integration\test_views.py,8
.\openedx\tests\xblock_integration\test_crowdsource_hinter.py,11
.\openedx\tests\xblock_integration\test_done.py,3
.\openedx\tests\xblock_integration\test_recommender.py,13
.\openedx\tests\xblock_integration\xblock_testcase.py,7
.\scripts\compile_sass.py,3
.\scripts\structures_pruning\tests\test_splitmongo.py,2
.\scripts\user_retirement\tests\mixins.py,1
.\scripts\user_retirement\tests\retirement_helpers.py,4
.\scripts\user_retirement\tests\test_get_learners_to_retire.py,13
.\scripts\user_retirement\tests\test_retire_one_learner.py,28
.\scripts\user_retirement\tests\test_retirement_archive_and_cleanup.py,31
.\scripts\user_retirement\tests\test_retirement_bulk_status_update.py,20
.\scripts\user_retirement\tests\test_retirement_partner_report.py,60
.\scripts\user_retirement\tests\utils\test_jenkins.py,2
.\scripts\user_retirement\tests\utils\thirdparty_apis\test_salesforce.py,11
.\scripts\user_retirement\tests\utils\thirdparty_apis\test_segment_api.py,17
.\scripts\user_retirement\utils\edx_api.py,2
.\scripts\user_retirement\utils\thirdparty_apis\segment_api.py,1
.\scripts\xsslint\tests\test_linters.py,76
.\scripts\xsslint\tests\test_main.py,26
.\scripts\xsslint\tests\test_utils.py,3
.\xmodule\assetstore\tests\test_asset_xml.py,1
.\xmodule\capa_block.py,1
.\xmodule\contentstore\content.py,1
.\xmodule\contentstore\utils.py,1
.\xmodule\course_block.py,1
.\xmodule\course_metadata_utils.py,1
.\xmodule\graders.py,2
.\xmodule\html_checker.py,1
.\xmodule\item_bank_block.py,1
.\xmodule\library_tools.py,1
.\xmodule\lti_block.py,2
.\xmodule\modulestore\__init__.py,3
.\xmodule\modulestore\mixed.py,4
.\xmodule\modulestore\modulestore_settings.py,1
.\xmodule\modulestore\mongo\base.py,5
.\xmodule\modulestore\mongo\draft.py,1
.\xmodule\modulestore\mongoengine_fields.py,6
.\xmodule\modulestore\perf_tests\generate_asset_xml.py,14
.\xmodule\modulestore\split_mongo\mongo_connection.py,1
.\xmodule\modulestore\split_mongo\split.py,3
.\xmodule\modulestore\tests\django_utils.py,5
.\xmodule\modulestore\tests\factories.py,6
.\xmodule\modulestore\tests\test_api.py,9
.\xmodule\modulestore\tests\test_asides.py,4
.\xmodule\modulestore\tests\test_assetstore.py,61
.\xmodule\modulestore\tests\test_contentstore.py,16
.\xmodule\modulestore\tests\test_cross_modulestore_import_export.py,3
.\xmodule\modulestore\tests\test_django_utils.py,6
.\xmodule\modulestore\tests\test_inheritance.py,1
.\xmodule\modulestore\tests\test_libraries.py,20
.\xmodule\modulestore\tests\test_mixed_modulestore.py,328
.\xmodule\modulestore\tests\test_modulestore.py,3
.\xmodule\modulestore\tests\test_modulestore_settings.py,16
.\xmodule\modulestore\tests\test_mongo.py,4
.\xmodule\modulestore\tests\test_publish.py,6
.\xmodule\modulestore\tests\test_semantics.py,15
.\xmodule\modulestore\tests\test_split_copy_from_template.py,19
.\xmodule\modulestore\tests\test_split_modulestore.py,293
.\xmodule\modulestore\tests\test_split_modulestore_bulk_operations.py,46
.\xmodule\modulestore\tests\test_split_w_old_mongo.py,1
.\xmodule\modulestore\tests\test_store_utilities.py,1
.\xmodule\modulestore\tests\test_xml.py,13
.\xmodule\modulestore\tests\test_xml_importer.py,7
.\xmodule\modulestore\xml.py,3
.\xmodule\modulestore\xml_importer.py,4
.\xmodule\partitions\tests\test_partitions.py,47
.\xmodule\randomize_block.py,1
.\xmodule\seq_block.py,1
.\xmodule\split_test_block.py,2
.\xmodule\tests\__init__.py,19
.\xmodule\tests\rendering\core.py,2
.\xmodule\tests\test_annotatable_block.py,15
.\xmodule\tests\test_annotator_mixin.py,8
.\xmodule\tests\test_capa_block.py,345
.\xmodule\tests\test_conditional.py,21
.\xmodule\tests\test_content.py,12
.\xmodule\tests\test_course_block.py,46
.\xmodule\tests\test_course_metadata_utils.py,1
.\xmodule\tests\test_delay_between_attempts.py,15
.\xmodule\tests\test_discussion.py,14
.\xmodule\tests\test_error_block.py,3
.\xmodule\tests\test_export.py,15
.\xmodule\tests\test_graders.py,54
.\xmodule\tests\test_html_block.py,13
.\xmodule\tests\test_import.py,70
.\xmodule\tests\test_import_static.py,7
.\xmodule\tests\test_item_bank.py,76
.\xmodule\tests\test_library_content.py,125
.\xmodule\tests\test_library_root.py,2
.\xmodule\tests\test_library_tools.py,10
.\xmodule\tests\test_lti20_unit.py,30
.\xmodule\tests\test_lti_unit.py,24
.\xmodule\tests\test_mongo_utils.py,3
.\xmodule\tests\test_poll.py,3
.\xmodule\tests\test_randomize_block.py,10
.\xmodule\tests\test_resource_templates.py,5
.\xmodule\tests\test_sequence.py,81
.\xmodule\tests\test_services.py,29
.\xmodule\tests\test_split_test_block.py,72
.\xmodule\tests\test_stringify.py,2
.\xmodule\tests\test_studio_editable.py,2
.\xmodule\tests\test_unit_block.py,2
.\xmodule\tests\test_util_builtin_assets.py,1
.\xmodule\tests\test_util_duedate.py,6
.\xmodule\tests\test_util_keys.py,5
.\xmodule\tests\test_utils_django.py,2
.\xmodule\tests\test_utils_escape_html_characters.py,3
.\xmodule\tests\test_validation.py,28
.\xmodule\tests\test_vertical.py,34
.\xmodule\tests\test_video.py,36
.\xmodule\tests\test_word_cloud.py,17
.\xmodule\tests\test_xml_block.py,59
.\xmodule\tests\xml\test_inheritance.py,4
.\xmodule\tests\xml\test_policy.py,2
.\xmodule\x_module.py,1
_totals,21011
